sdk:setup|5765
sdk:setup|5732
sdk:setup|5751
sdk:setup|6874
sdk:setup|6922
sdk:setup|7420
sdk:setup|6417
sdk:setup|6473
sdk:setup|6465
sdk:setup|9927
sdk:setup|9263
sdk:setup|9587
sdk:setup|5438
percy:screenshot|3121
sdk:setup|5407
percy:screenshot|9658
sdk:setup|6395
percy:screenshot|2683
sdk:setup|8148
percy:screenshot|2014
sdk:setup|8433
percy:screenshot|5750
sdk:setup|8744
percy:screenshot|2696
sdk:setup|6869
percy:screenshot|2485
sdk:setup|6740
percy:screenshot|2740
sdk:setup|6763
percy:screenshot|6651
sdk:setup|6491
percy:screenshot|2175
sdk:setup|6343
percy:screenshot|5150
sdk:setup|6215
percy:screenshot|2883
sdk:setup|5925
percy:screenshot|1289
sdk:setup|5963
percy:screenshot|2337
sdk:setup|6127
percy:screenshot|4018
sdk:setup|6222
percy:screenshot|1702
sdk:setup|6154
percy:screenshot|1593
sdk:setup|6155
percy:screenshot|8474
sdk:setup|5674
percy:screenshot|2867
sdk:setup|5668
percy:screenshot|7214
sdk:setup|5631
percy:screenshot|1771
sdk:setup|12368
percy:screenshot|2116
sdk:setup|11664
percy:screenshot|3980
sdk:setup|13324
percy:screenshot|1168
sdk:setup|6660
percy:screenshot|1879
sdk:setup|7536
percy:screenshot|6075
sdk:setup|6601
percy:screenshot|1691
sdk:setup|20676
percy:screenshot|6257
sdk:setup|20713
percy:screenshot|5234
sdk:setup|20378
sdk:setup|5492
percy:screenshot|2286
sdk:setup|5392
percy:screenshot|2966
sdk:setup|5424
percy:screenshot|3374
sdk:setup|4972
percy:screenshot|1321
sdk:setup|5117
percy:screenshot|7018
sdk:setup|5245
percy:screenshot|3103
sdk:setup|6732
percy:screenshot|5635
sdk:setup|6629
percy:screenshot|5788
sdk:setup|7003
percy:screenshot|2444
sdk:setup|9733
percy:screenshot|1028
sdk:setup|10010
percy:screenshot|1357
sdk:setup|10398
percy:screenshot|7875
sdk:setup|10425
percy:screenshot|2599
sdk:setup|7913
percy:screenshot|1008
sdk:setup|7780
percy:screenshot|3426
sdk:setup|7727
percy:screenshot|1530
sdk:setup|7288
percy:screenshot|3901
sdk:setup|6233
percy:screenshot|1389
sdk:setup|7413
percy:screenshot|1719
sdk:setup|6311
percy:screenshot|2327
sdk:setup|6241
percy:screenshot|1923
sdk:setup|7500
percy:screenshot|2478
sdk:setup|7805
percy:screenshot|2838
sdk:setup|7035
percy:screenshot|1293
sdk:setup|7500
percy:screenshot|2615
sdk:setup|8602
percy:screenshot|1182
sdk:setup|8337
percy:screenshot|2599
sdk:setup|8573
percy:screenshot|1912
sdk:setup|8744
percy:screenshot|2199
sdk:setup|6605
percy:screenshot|3601
sdk:setup|7008
percy:screenshot|3201
sdk:setup|6681
percy:screenshot|2838
sdk:setup|7001
sdk:setup|7275
percy:screenshot|3506
sdk:setup|6694
percy:screenshot|1911
sdk:setup|6193
percy:screenshot|8040
sdk:setup|6696
percy:screenshot|4566
sdk:setup|7035
percy:screenshot|1663
sdk:setup|7889
sdk:setup|7465
sdk:setup|7767
sdk:setup|7673
sdk:setup|7936
sdk:setup|7643
percy:screenshot|3318
sdk:setup|9603
percy:screenshot|2361
sdk:setup|10036
percy:screenshot|2910
sdk:setup|9407
percy:screenshot|2759
sdk:setup|9783
percy:screenshot|1300
sdk:setup|10256
